Weekly Reflection 9,2023-03-10,friday,homework
Weekly Reflection 8,2023-03-03,friday,homework
Weekly Reflection 7,2023-02-24,friday,homework
Weekly Reflection 6,2023-02-17,friday,homework
Weekly Reflection 5,2023-02-10,friday,homework
Weekly Reflection 4,2023-02-03,friday,homework
Weekly Reflection 3,2023-01-29,friday,homework
Weekly Reflection 2,2023-01-27,friday,homework
Weekly Reflection 10,2023-04-2,sunday,homework
Weekly Reflection 1,2023-01-14,friday,homework
Review and Workbook Submission,2023-04-25,tuesday,homework
Group Report Submission and Presentations,2023-04-18,tuesday,homework
Chapter 9: Institutions and the Commons Case Study,2023-02-22,wednesday,reading
Chapter 8: Social Constructions of Nature,2023-04-03,monday,reading
Chapter 7: Political Economy,2023-03-22,wednesday,reading
Chapter 6 & 12: Risks and Hazards Case Study,2023-03-20,monday,reading
Chapter 5: Environmental Ethics,2023-03-06,monday,reading
Chapter 4: Institutions and the Commons,2023-02-20,monday,reading
Chapter 3: Markets and Commodities,2023-02-06,monday,reading
Chapter 17: Environmental Ethics Case Study,2023-03-08,wednesday,reading
Chapter 16 Population and Scarcity Case Study,2023-01-23,wednesday,reading
Chapter 15: Political Economy Case Study,2023-03-27,monday,reading
Chapter 13: Markets and Commodities Case Study,2023-02-08,wednesday,reading
Chapter 11: Social Construction of Nature Case Study,2023-04-05,wednesday,reading
Chapter 10 Biodiversity Case Study,2023-01-27,monday,reading
Chapter 1 & 2: Introduction Population Scarcity,2023-01-16,monday,reading
Assigned Slide: Waste Water Management,2023-02-13,monday,reading
Assigned Slide: Sustainable Agriculture and Food Systems,2023-03-29,wednesday,reading
Assigned Slide: Soil and Water Resources,2023-01-30,monday,reading
Assigned Slide: Energy Production,2023-04-03,monday,reading
Assigned Slide: Coastal Studies and Climate Change,2023-03-13,monday,reading
Assigned Slide: Biodiversity,2023-01-25,monday,reading